ID,Answer
0,長劍
1,臺灣府志》
2,袁晁
3,安徽合肥
4,長盤勝負
5,田漢
6,1874年
7,西漢的版圖向西擴張
8,英國
9,為運送郵件繳納了事先規定好的郵資
10,周星馳
11,秀吉
12,整個站體都位於天橋上的車站
13,科學怪人
14,2004年
15,硫-34
16,羅斯福在1945年4月12日任內去世，哈利•[UNK]•杜魯門接任總統。民主黨內部的衝突開始浮現。前副總統華萊士
17,光度規則的在2.3至3.5等之間變化著
18,突破
19,外太空
20,愛爾蘭語
21,荷蘭
22,硫化物
23,塞爾維亞反對黨
24,1861年
25,外交手段
26,拉丁文
27,猶太基督徒所寫，也就是在羅馬帝國統治下基督的猶太門徒。寫下路加福音和使徒行傳的路加，則經常被認為是例外。一些學者認為路加是希臘人
28,1974年
29,霍克菲爾德
30,文化大革命
31,《名人傳》
32,灣仔區
33,振州
34,形容一種無限制的、自私、而野蠻的競爭情況
35,1964年
36,新北市
37,白色
38,沒有
39,南人
40,宋端宗
41,麻省理工
42,46億年
43,1070年
44,社會保障法規
45,第一教學樓
46,1929年
47,全息照片郵票
48,1932年
49,港首座零碳建築零碳天地落成，為香港政府宣布《起動九龍東》計劃
50,康熙帝
51,武漢水利電力大學
52,1960年代
53,法西斯義大利
54,
55,基督教
56,阿爾法版本
57,上海淪陷，國民政府和在京的學校、工廠等陸續西遷。12月8日日軍進犯南京
58,新北市
59,佔領行動
60,路易十五
61,中國國民黨
62,中生代侏羅紀
63,阿拉貢國王卡洛斯三世
64,熱帶雨林氣候
65,意圖完全擺脫漢朝的控制
66,
67,東漢
68,噴射發動機
69,弘治十二年
70,亞洲
71,1994年
72,美國
73,氦
74,經過依納爵長久的薰陶
75,汽車
76,大韓生命保險公司大樓
77,朱少文
78,羽柴秀吉
79,克萊蒙梭
80,金泳三
81,1958年
82,靈魂
83,科龍港
84,蓋爾人
85,十二平均律
86,
87,南陳
88,佛教
89,1861年
90,豐臣秀吉
91,江北地區
92,家
93,大躍進運動
94,武漢水利電力大學
95,荷蘭語
96,1934年
97,檸檬酸咖啡因療法
98,1919年
99,1949年
100,大象
101,1915年
102,1600年
103,有絲分裂
104,美國
105,羅馬
106,仁祖
107,十個
108,佛學論書
109,北海道大學
110,漢諾瓦
111,4天
112,1944年
113,安娜·德·薩伏伊皇后
114,咸豐帝
115,哈林河
116,南亞的一條主要河流，流經印度北部及孟加拉
117,樂比賽聲音組
118,中原
119,荷蘭語
120,遊客
121,全國人民代表大會
122,伊斯蘭
123,王樹民、孫仲匯
124,刺殺
125,喃字的複雜及未標準化
126,二千九百公尺
127,1945年
128,害怕德軍在東線戰線上沒有足夠兵力應付俄國
129,廖瓊枝
130,用來運貨
131,公民權
132,西人黨
133,4年
134,臺北
135,查莫洛人
136,杭縣
137,蘇聯國旗
138,20%
139,1939年
140,多腔磁控管雷達技術
141,點石齋畫報
142,泰北
143,1987年
144,上吊方式
145,喬治麥高文
146,吳有性
147,《布告各省公啟》
148,阿拉里克
149,十月革命
150,髒層
151,日本警察廳公布自殺統計顯示，2000年後已經連續14年有超過3萬人自殺。2009年日本
152,1949年
153,就業保障制度
154,清光緒十七年
155,雕像
156,國共內戰戰況失利
157,六個月
158,乙醚
159,藥葛羅
160,梅克人
161,1969年初
162,63位
163,教宗卡利克斯特三世
164,古希臘時代
165,[UNK]
166,香港九龍半島東面的海灣，泛指紅磡至觀塘之間一帶海域，屬維多利亞港的一部份。在大幅填海來興建啟德機場後，該海灣面積大幅縮小，現時「九龍灣」之名通常是指原海灣東面一帶，位置為牛池灣以南，牛頭角以西。自政府填海造地
167,蔣中正
168,農業
169,
170,9月4日
171,1997年
172,《南呂•一枝花》
173,二次大戰
174,公元68年
175,趙佗
176,莎草紙
177,香港
178,普魯士大獲全勝，建立德意志帝國
179,1610年1月7日
180,創建強力政府
181,28歲
182,1948年7月
183,保加利亞
184,給予電力網路足夠的彈性來應付偶發狀況
185,10度
186,社會黨
187,亞非
188,波士頓
189,1912年
190,網球
191,後箱館裁判所
192,明朝
193,1863年
194,2000年
195,1998年
196,玉蟾岩
197,德
198,克里斯蒂安尼亞
199,阿森納女子足球俱樂部
200,社會主義市場經濟
201,居民
202,1920年
203,美元
204,多倫多
205,在軌道上驅動列車
206,彌爾
207,中央情報局
208,美國電影藝術與科學學院
209,指在時域上數學形式為連續函式的訊號
210,北魏原型的高句麗佛教藝術展現了生命力與流動性
211,國王
212,威尼斯影展
213,清涼
214,新北市
215,聯盟
216,甲午戰爭
217,克孜勒
218,錯誤
219,好在歷史是人民寫的
220,美觀
221,中部科學園區
222,西部地區
223,1982年
224,1449年
225,君主
226,多瑙河
227,國立廣東大學
228,發明家
229,2006年
230,沒有
231,中國器官移植手術
232,南宋
233,1624年，原佔領澎湖的荷蘭人和明軍簽約，放棄其在澎湖的經營，轉而登陸臺灣南部，屬於荷蘭東印度公司的荷蘭人首先在「北汕尾」建立簡易的商館，同年，於「一[UNK][UNK]」築起了「熱蘭遮城」，以此作為統治中心，為增加米、糖等農作物產量
234,三倍
235,質量大於0.4太陽質量
236,颱風
237,2016年
238,1973年
239,2915.7億美元
240,一所年輕的大學
241,
242,前衛
243,阿美族
244,中世紀中期
245,2013年
246,赫爾伯特·查普曼
247,據傳在與比提尼亞國王的性行為中處於被動地位
248,七年
249,洛杉磯湖人
250,溥[UNK]
251,外交家
252,發球權
253,巡按使
254,《風之國度》
255,1943年
256,漢語拼音方案
257,1984年
258,地面車站
259,藝術家村」
260,法蘭西第二帝國
261,閩南人
262,全勝紀錄
263,利用小型雷達測距儀追蹤目標的距離，協助飛行員找到最佳射擊時機，提高一般飛行員的命中率
264,低倍率望遠鏡
265,濃度低
266,康熙年間建造，曾為養蠶之處。雍正年間皇帝在舉行親耕禮之前在此演禮。豐澤園內主體建築為惇敘殿，光緒年間改名為頤年殿，民國時改名頤年堂，袁世凱
267,明朝
268,1848年
269,1954年
270,1998年
271,南朝鮮
272,《南華早報》
273,惡臭
274,世俗化
275,阿聯
276,交通基建
277,紅軍
278,台南
279,天狼星在東方地平線的出現
280,起搏細胞
281,1975-1985年
282,梵蒂岡
283,重工業蕭條
284,1237年
285,東羅馬
286,安帝
287,奧地利
288,紐約影評人協會
289,1655年
290,清代
291,美川王
292,胡安·林茲
293,日本
294,1954年
295,徑向速度是接近或遠離太陽，和橫越天空的角動量
296,諸葛長民
297,工作心肌細胞和自律心肌細胞
298,383年
299,羅納爾迪尼奧
300,慕容垂
301,完成了內部自治
302,利奧三世
303,拉丁字母
304,將飛行員的控制命令透過電線與電子裝置，轉換為對控制面的驅動訊號與力量
305,
306,中緬大戰
307,斯德哥爾摩
308,第三紀中新世
309,中華民國
310,高麗時期
311,靳雲鵬
312,1958年
313,《馬德里議定書》的締約國政府通過訂立國內法來執行條約的具體條款及其他補充協定。總體來說這些法律僅適用於本國公民，無論他們是否身在南極
314,1083種
315,曹魏故都智慧之旅
316,博特羅普
317,布爾什維克革命
318,金本位制
319,彌爾
320,紅色
321,1928年
322,
323,十多個
324,300美元
325,楊宇霆
326,大力發展體育事業
327,元世祖
328,力自行車
329,數學
330,亞熱帶季風氣候
331,經濟
332,輔音
333,施世榜、吳洛、臺南人楊志申等，大事招徠閩粵移民，以該地為中心向四周墾荒鑿圳，原有的平埔族部落遂逐漸被漢人移民所融合。1694年，高拱乾
334,印歐語系
335,
336,銃炮
337,1959年
338,1980年代
339,凱·艾維
340,高句麗
341,中共十一屆三中全會後，學校先後為整風運動中被錯劃為右派的同志徹底平了反；對「文革
342,希伯來文
343,第四心音
344,2010年
345,武漢
346,1868年
347,托土拉島
348,中華民國
349,倫敦大學
350,1888年
351,岡仁波齊峰
352,1972年
353,突厥
354,大島造船所
355,南斯拉夫社會主義聯邦共和國
356,民主制度的恢復
357,硫
358,繩文人和大洋洲的諸民族都有與丹尼索瓦人混血
359,忽必烈
360,威尼斯聖馬可教堂的帕拉多霍祭壇組雕，由黃金、琺瑯、珍珠和寶石製成。976年，威尼斯
361,2000年
362,管狀結構，捲曲數圈呈蝸牛狀
363,
364,1954年
365,韓國
366,維京群島
367,1956年
368,史都華
369,1910年
370,突厥
371,中亞新興大國花剌子模在沙阿摩訶末時期崛起
372,1958年
373,2011年
374,激進組織
375,巴爾的摩
376,中華民國政府
377,社團部
378,聲明她會與托爾金結婚。他們訂婚後，伊迪絲不情願地在托爾金的堅持下宣布自己皈依羅馬天主教
379,手機照片
380,孔子
381,
382,2005年
383,中國官員承認中國器官移植手術所使用的人體器官大部分來源於被判處死刑犯人的自願捐助
384,哥白尼
385,60年代
386,
387,1809年
388,一次大戰前英國壟斷原材料市場
389,民國36年
390,害怕德軍在東線戰線上沒有足夠兵力應付俄國。故此，他決定於西線調派多一些兵力到東線上應付俄軍，此決定令德軍於西線的進攻上遇到更多困難。為迅速取得西線勝利
391,人文角度看，下薩克森邦幅員遼闊
392,伯克制
393,擺脫螺旋槳在接近音速時的上限
394,國家起源說
395,路易·巴斯德
396,中部科學園區
397,宣統三年九月十九日
398,1976年
399,高麗作品
400,黑死病
401,突厥語
402,哈雷阿卡拉國家公園
403,約翰·坎貝爾
404,8小時
405,樂壇女王
406,民國18年
407,國立廣東大學
408,
409,六億七千多萬美金
410,妖怪
411,許昌文峰塔、禹縣鈞窯址
412,tram，一種說法是來自低地蘇格蘭語
413,氧
414,非常混亂
415,漢語
416,清太宗皇太極
417,信陽市
418,5年
419,
420,質量
421,科技
422,媽祖
423,鮑德溫伯爵
424,高崗，使之下台。批鬥會
425,20餘米
426,蘇丹
427,雲騎尉
428,[UNK]
429,2005年9月
430,澳洲的庫納巴拉班，是澳洲國立大學的天文和天文物理研究所的一部分，並與澳洲國立大學、新南威爾斯大學的和其他的一些機構，共同管理英澳望遠鏡
431,那拉氏
432,辛酉政變
433,銅的礦物
434,統一企業
435,連續的日數
436,
437,陳誠
438,中山市
439,蘇聯共產政府確立
440,德國的進出口貿易
441,中原大戰
442,1972年
443,日本天皇
444,731
445,阿拉巴馬州
446,嘉義市
447,經濟作物也有較大發展
448,肺呼氣機制
449,五角星
450,帝國
451,航海貿易中心
452,埃姆斯蘭高速公路
453,匿蹤性能較佳
454,中國共產黨中央政治局常務委員會
455,1919年
456,一條簡單的直線
457,5路
458,盟旗制
459,嘉義市
460,布朗茜
461,南緯30度
462,一次大戰期間
463,長盤勝負
464,美國
465,自由派
466,網景公司
467,諷刺
468,1911年
469,1982年
470,七年
471,奧地利
472,貝爾實驗室
473,梁朝偉
474,吳三連
475,1918年
476,郭松齡
477,
478,掃雷艇部隊
479,
480,赦免權
481,民國3年
482,80年代
483,波你尼
484,民族大融合，在中國作為多民族國家的發展過程中具有重要意義。同時，各國的君主為了增強實力，也在各自的根據地上實行一些發展生產的政策，使得各地區在華北
485,電腦介入飛控系統操作，飛行員只需下達動作指令，至於達成指令所需的機身、動力系統
486,陽光政策」
487,烏孜別克人
488,2555公里
489,國共內戰
490,[UNK][UNK]
491,茲維亞德·加姆薩胡爾季阿
492,以避免造成路口交通不暢
493,反艦導彈
494,荀子
495,清朝
496,1935年
497,公車動態資訊系統整合計畫
498,可以有多部電腦介入飛控系統操作
499,中國政法大學
500,瓜拿納
501,
502,埃歐尺寸
503,浮世繪
504,民國4年12月25日
505,西格里
506,
507,
508,貝爾根
509,太白，號青蓮居士
510,朱允[UNK]
511,網路硬體環境
512,低稅賦
513,小選舉區制
514,東歐
515,抗議活動
516,自由放任
517,生化武器
518,四年
519,段祺瑞
520,喬治麥高文參選，麥高文以他鮮明的反戰立場為號召，主張立即從越南撤軍，並保障所有美國人的最低收入。麥高文試圖對抗尼克森的政策，但卻被他搭檔競選的夥伴湯瑪斯伊格頓
521,中永和
522,1902年
523,蝸頂
524,戰後1950年代
525,2.80
526,小型雷達測距儀
527,2002年
528,氫硫酸
529,共和時期
530,定用戶組在編輯衝突時提供優先機會
531,
532,沒有兩性的分化，在同一個生物體中可能同時有雄性及雌性的生殖器官
533,經濟建設
534,《實業部組織法》
535,港式酒樓
536,愛國教育
537,帕吉勒提河
538,寓意為「西南美麗的地方」
539,突出天空的遼闊高遠，以表現「天」的至高無上
540,開羅
541,1932年
542,林紹良
543,1955年
544,多倫多運輸局
545,前一世紀
546,巡邏艇
547,1898年
548,老虎
549,保羅•狄拉克
550,唐玄宗
551,健康寫實電影
552,北竿島
553,矮星
554,中生代
555,伊爾庫茨克國立大學
556,鐵木真
557,23406人
558,1789年
559,兩個
560,永康方巖
561,1897年
562,金正恩
563,中華人民共和國
564,總兵官
565,《名人傳》
566,高速線哈大客運專線
567,漢魏故城
568,自然科學
569,反文化運動
570,英國
571,李嵩之後，與李唐皇室同宗。幼時內遷，寄籍劍南道綿州。另郭沫若
572,轟炸機
573,自動飛行系統
574,義大利
575,中世紀
576,狀體
577,刺史
578,50
579,至元二十九年
580,多數派
581,貝加爾湖以北的鄂畢河
582,陶瓷
583,1980年代
584,俄國
585,密西西比
586,1997年
587,驛站
588,9年
589,
590,大清帝國光緒14年2月21日
591,101公里
592,國務院常務會議
593,四
594,喬治亞共和國
595,1943年
596,逃離家園者
597,分娩
598,聯邦憲法
599,韓國
600,氯仿
601,希臘
602,瀕危物種
603,越戰
604,專制
605,冷氣
606,全球氣候
607,金華
608,1928年
609,定向天線
610,霍布斯
611,1897年
612,中山盛產海鹽
613,籌備處
614,市場分析
615,滬寧鐵路上海站，因位於上海市區北側，故又稱為上海北站
616,2005年
617,家庭喜劇片
618,同性婚姻者
619,
620,朱棣取消朱標的明興宗廟號
621,
622,史彌遠
623,自由民主黨
624,傳播色情
625,電穿孔
626,哈大客運專線
627,第五區
628,最古老的活躍軍事單位
629,1982年
630,漢武帝
631,東地區
632,要求蘇方撤軍
633,巴黎聖母院
634,西方文明開始衝擊朝鮮半島
635,昆明市
636,1936年
637,預言
638,非商用
639,五桂山
640,枇杷
641,嘉義市
642,一級產業
643,29個
644,民國29年5月，以原普思邊區轄境置第一行政督察區，專署駐寧洱縣，領寧洱、思茅、景東、景谷、鎮遠、六順、瀾滄、緬寧、雙江、車里、佛海、南橋12縣及寧江、滄源2設治局。民國31年
645,10月10日
646,《名人傳》
647,元音是韓語音節
648,第二次世界大戰
649,5000噸級
650,敘利亞
651,2015年年底
652,古漢語
653,22年
654,伊薩克
655,尼安三世
656,喜馬拉雅山脈
657,
658,1955年
659,19世紀
660,油氣開發
661,外太空
662,明孝宗
663,喀喇汗國
664,第一區
665,1925年
666,照射紫外線
667,九一八事變
668,春秋
669,對大自然的崇拜
670,閩江口
671,1899年
672,牟定縣
673,聖武記
674,中央窩
675,利奧三世
676,殖民主義
677,奧德
678,6萬平方千米
679,
680,調動人民勞動的積極性
681,麥克萊倫將軍卻與原先設定的溫和派政策不合，結果大多數好戰派民主黨人都投給了林肯。1865年內戰結束後不久，林肯遇刺身亡，其副總統安德魯約翰遜繼任總統，雖然約翰遜
682,赤城鎮政府街1號
683,纖維心包
684,羅非魚
685,潘普洛納
686,阿爾邁山礦泉
687,1848年
688,臺灣府志》
689,杜林
690,第265任
691,決勝局開始時
692,民國39年
693,大東書局上海印刷廠
694,民主黨
695,超新星
696,全斗煥
697,
698,小熊達點後，[UNK]啦啦隊長
699,民法，宗教法，和傳統習慣法
700,382年
701,軍隊編制問題
702,劉銘傳
703,韓國鐵道公社
704,1
705,何韻詩
706,1923年
707,畢達哥拉斯
708,2009年
709,湘西土家族苗族自治州
710,袁術
711,中果咖啡低。咖啡也含有痕量的茶鹼，但不含可可鹼
712,希臘-巴克特里亞王國
713,金礪
714,22條
715,公共健康與醫學領域
716,西班牙各地法規
717,1962年
718,洪武三十一年
719,國民黨
720,奧匈帝國
721,俄羅斯
722,新恆星
723,咖啡因
724,何無忌
725,心外膜。髒壁兩層在出入心根部互相移行
726,漳州人
727,6個小時
728,1866年
729,分發式政策
730,
731,衛星電視是通過接收人造衛星轉播過來的電視訊號節目的電視廣播方式。衛星電視的傳輸過程一般為：通過衛星將地面基站發射的微波訊號遠距離傳輸，最終用戶使用定向天線
732,金正恩
733,第一
734,愛德華·懷克-史密斯
735,西班牙瓦倫西亞
736,1787年
737,元惠宗
738,奪取荊州
739,1898年
740,守舊派
741,越南
742,端敬王后
743,中生代
744,約瑟夫史達林
745,中國共產黨
746,從未修改國會選區
747,抑制人口增加而實行的計劃生育
748,蘇聯
749,中華人民共和國國務院
750,蔡素玉
751,棕矮星
752,用來嚇阻鳥群
753,推行反共政策
754,2.7％
755,韓國
756,分子雲
757,回[UNK]人藥葛羅
758,鮑德溫伯爵
759,1916年
760,1939年
761,東三省巡閱使
762,受殖民者殖民
763,1970年
764,威斯康辛大學麥迪遜分校
765,恢復期長
766,闕毗伽·卡迪爾汗
767,帕拉多霍祭壇組雕
768,資格賽賽制
769,周昂駿
770,民國16年
771,公元前三世紀
772,三監之亂
773,周恩來
774,馬略
775,至元十三年
776,妖怪
777,60年代
778,圖西族
779,聖餐持紀念說
780,自殺罪
781,《三國史記》
782,地心說
783,長沙太守
784,溫度降低
785,2002年
786,廣州
787,比利時
788,乙氧基乙烷
789,科學革命中推翻
790,兄弟國的盟約」
791,2011年
792,硫
793,1979年
794,義大利
795,村塢型經濟
796,卡拉恰伊湖
797,趙昀
798,阿蘭王國
799,南京
800,共和黨
801,日本
802,二戰的爆發
803,1976年
804,上海
805,1949年
806,麻省理工學院
807,階級社會
808,第二次義大利衣索比亞戰爭
809,礦產資源
810,1449年
811,1970年
812,隆武帝
813,兩棲登陸作戰
814,趙光義
815,《哈比人歷險記》
816,雙汗制
817,23年
818,半軍事管制
819,國際奧委會
820,食雙星，還有極端的情形是由恆星自轉
821,人文關懷
822,1956年
823,《產假和保護婦女兒童權利法》
824,為菲律賓富商工作的工資遠高於在港工作
825,美國太平洋艦隊潛艇部隊第81分隊
826,夫餘國
827,人民頻繁的遷移
828,公元前12世紀
829,網際網路版權問題的存在，往往被禁止的作品可以在網上免費收看。對於境外節目
830,保證共和派控制國民議會
831,美國
832,1927年
833,隋朝
834,蘇區
835,捷運機場線等國際工程實施
836,太陽
837,大戰期間
838,妖怪學
839,1987年
840,78.5萬美金
841,汾河
842,關漢卿
843,湯玉麟
844,陳平順
845,核心區域
846,厄德
847,整個站體都位於天橋上的車站
848,1955年
849,
850,金屬出現的時代
851,足利義昭
852,北韓宣傳的「強盛大國
853,德國人
854,2007年
855,羅馬帝國
856,自身的重力
857,希臘人
858,擔心引起教會勢力的強烈反彈
859,1987年
860,韓國
861,朱載[UNK]
862,國王執政期間與法國和比利時保持密切聯繫?[SEP]盧安達愛國陣線自1994年以來就一直是該國的主導政黨，在全國大選中保持著對總統和議會位置的控制權，黨派的得票率始終在70%以上。一般認為盧安達愛國陣線屬圖西族
863,法文老師
864,玻里尼西亞
865,廉興
866,基因特質
867,印地語
868,焦爾達諾·布魯諾
869,1979年10月6日，華國鋒
870,八公分
871,第一胎平均為13小時
872,民國42年
873,特殊大學
874,中國科學技術大學校長管惟炎、中國科學技術大學副校長
875,茶鹼
876,狄奧多西
877,2000年6月
878,
879,美西戰爭
880,尊漢思想
881,上奧地利以及哪個地區自殺數字又開始上升?[SEP]奧地利屬於傳統的高自殺率國家。1919年－1939年的時間段中，每10萬人約有40人自殺，1940-1945年間沒有公布任何數字。在1945年
882,眾神之王宙斯的戀人
883,供應服務過多
884,1910年革命
885,鎬京
886,遊牧民族
887,杜慧度
888,
889,尼夫赫人土地，導致阿伊努人與元帝國
890,斯塔福德郡
891,義熙十四年
892,劉少奇
893,2002年
894,大學4年
895,作為天候變異、災禍預知、社會秩序以及超自然現象的合理化解釋
896,東柏林
897,1573年
898,1989年
899,0.4太陽質量
900,顯微注射
901,馬可波羅
902,北的阿爾及利亞和今天摩洛哥的丹吉爾
903,上海鐵路局
904,中國人民銀行成立後於1948年12月1日首次發行的貨幣，是中華人民共和國的法定貨幣
905,兩個集團軍齊頭並進，一舉收復普法戰爭後被割讓給德國的阿爾薩斯和洛林兩省的第十七號計劃
906,德語聖經
907,自主選擇權
908,恆星風
909,加拿大北美空防司令部地區總部
910,
911,1950年代
912,文藝復興運動
913,
914,文藝復興式
915,楚州
916,1584年
917,1989年
918,博特羅普
919,柏林國際廣播電台
920,最遙遠
921,
922,使郵驛通信十分有效地發揮效能
923,維基媒體
924,
925,1948年
926,67個
927,1月1日
928,2000年
929,德國以礦產
930,黑龍江工業門類以重工業為主，是中國重要的機械、石油、煤炭、木材和食品工業基地；哈爾濱、齊齊哈爾、大慶是主要的工業中心，大慶油田、哈電集團等大型企業均居全國同行業前列。黑龍江礦產資源豐富多樣，以石油、煤炭、金、石墨最為重要。本省石油蘊藏豐富，是中國最重要的石油產區，大慶油田
931,私立大學
932,歐登堡
933,為早期韓國華僑的聚集所在
934,趙石勒
935,林紹良
936,李准
937,韓語
938,粳稻
939,宋真宗
940,120%
941,美國
942,6月
943,由桃花石、契丹和喀喇汗國所構成
944,溥[UNK]
945,路易十四
946,韓國
947,0.07個太陽質量
948,閩南人
949,民國28年
950,聶耳
951,人民路公交車
952,核質
953,鴨巴甸
954,正教
955,八角鼓
956,對德國的一種羞辱
957,
958,1642年
959,韓國教育部
960,蒙哥
961,士瓦本
962,芝加哥大學
963,散貨船
964,減低阻力
965,紐格威森林
966,2012年
967,拿破崙
968,屋大維
969,97年
970,把颱風形狀左右兩邊拉闊，套在像地球般圓中帶扁的外框中，取其平穩慎重形象
971,市場經濟
972,10世紀
973,亞歷山大六世
974,1789年
975,四·五天安門事件」。但毛澤東通過毛遠新傳話
976,20世紀60年代到70年代初
977,4月底
978,一些國家採胡漢分治的制度
979,
980,趙翼
981,漢文
982,12次
983,科學社會學
984,1138公頃
985,《中華人民共和國村民委員會組織法》
986,荷蘭
987,聯合國
988,打破香港華語片票房紀錄。該片在義大利、法國、德國等地也大受歡迎，開創演藝生涯又一高峰。此片也是他首部在歐洲大規模上映的電影。《少林足球》歷屆以來唯一一位自導、自演的都能奪金像獎的一位演員，成功奪得影帝最佳男主角寶座
989,內陸地區
990,國大黨
991,被子植物
992,毒品
993,上帝
994,1258年
995,元朝
996,1929年
997,1972年
998,木製帆船
999,文森特
1000,環境保護主義
1001,詹姆士·麥迪遜
1002,1946年
1003,蘇聯紅軍
1004,基本食物的短缺。一些在西方有親戚或朋友並且在國家銀行有外匯帳戶
1005,1982年12月8日
1006,印第安納大學
1007,矮星
1008,修道主義
1009,法蘭西第五共和國
1010,亞歷山大漢密爾頓
1011,中國
1012,1959年
1013,國務委員會委員長
1014,紐約尼克
1015,預付
1016,合肥
1017,100萬到1兆倍
1018,第二代
1019,漢人
1020,17日
1021,貴族等級制度相關記載及歷史遺留。如歷史上日本的皇室、公家分謂；朝鮮的兩班制度；中國的世爵制度
1022,工程化核酸酶
1023,伊薩克二世
1024,馬克西米安
1025,外部刺激
1026,艾森豪
1027,臺灣首任巡撫
1028,
1029,為了躲避戰亂
1030,江東
1031,2.2億韓圓增加到35.3億韓圓
1032,馬爾吉特
1033,落實外交政策
1034,1826年
1035,40個字母
1036,寧都會議
1037,舊石器時代
1038,公元前1世紀
1039,荀子
1040,集團軍
1041,重慶公立法政專門學校
1042,網際網路版權問題
1043,屋大維
1044,韓語
1045,倫敦霍洛威
1046,
1047,烏爾蘇拉
1048,1980年
1049,
1050,維持現狀：儘快宣布
1051,挪威
1052,南北戰爭
1053,美國內戰結束，聯邦取勝。美國政府作出實際行動，支持反抗軍，除了向他們提供武器之外，美國政府還派遣戰艦到墨西哥海域設立封鎖線，以防法國駐軍得到支援
1054,南華縣
1055,
1056,李紳
1057,一種通常由架空高架電纜供電、電動機驅動，依賴固定軌道行駛的公共運輸工具
1058,四帝共治制
1059,1060公釐
1060,1939年
1061,陽原王
1062,劉表
1063,荊湖占城
1064,北平綏靖公署主任張學良轉任軍事委員會北平分會副委員長
1065,英美法系
1066,石油危機
1067,唐朝
1068,奧斯陸峽灣
1069,1920年
1070,硫，倫琴衍射顯示其中含有由八個硫原子組成的環
1071,漢字借音
1072,44
1073,1916年
1074,1627年
1075,環境污染
1076,英屬維京群島
1077,唐生智
1078,夏季
1079,臺灣新北地方法院，屬於普通法院，位於土城區，舊稱板橋地方法院；新北地方法院
1080,戴克里先
1081,6世紀
1082,
1083,甘肅省
1084,每局比賽
1085,1所
1086,義大利耶穌會
1087,一個
1088,污[UNK]
1089,三次
1090,為了獲得大寧地區的駐牧權
1091,俗語
1092,張學良
1093,毒性
1094,觀察使
1095,明朝
1096,1967年
1097,反潛
1098,1932年
1099,吉田定房
1100,世稱恭順
1101,地球大氣
1102,二戰
1103,軍事改革
1104,
1105,汗位取得不合法
1106,都洛總督
1107,灣仔北
1108,帕塔普斯科河
1109,1945年
1110,義熙十一年
1111,政府資助研究項目
1112,赫爾辛基
1113,《男人四十》
1114,羅馬帝國
1115,1846年
1116,日俄戰爭
1117,陳曉南
1118,於宋朝形成的理學
1119,幾個
1120,阿拉伯半島
1121,塞爾維亞
1122,香港
1123,附庸貴族
1124,五大老
1125,蒙聯軍
1126,
1127,慕容垂
1128,價水平上漲
1129,教育產業化
1130,1992年兩國建交以後
1131,美國
1132,江東
1133,聖奧古斯丁
1134,新約聖經
1135,弱勢群體
1136,大正天皇
1137,西區圖書館
1138,中國歷代
1139,義輝
1140,內戰
1141,精神醫學
1142,所有人都應信奉真神
1143,斯拉夫人
1144,第4
1145,聯邦制
1146,1799年
1147,波多黎各
1148,瑞士蘇黎世州
1149,七月初四
1150,英國
1151,76間
1152,民國36年
1153,50元
1154,中華民國在臺澎金馬舉行首次總統直選
1155,一次
1156,收割機
1157,七個
1158,周恩來
1159,卡加梅
1160,一千多年
1161,天城體
1162,5月17日
1163,報導企業資金動向的現金流量表也獲得許多企業經營者的重視，將之列為必備的財務報表
1164,自然
1165,美國海軍
1166,德川家康
1167,空射火箭
1168,1836年
1169,敘利亞
1170,深水?
1171,德里克·羅勃茲
1172,伊斯蘭教
1173,地球生態系統服務對人們的恩典
1174,哥廷根亨德爾國際音樂節
1175,滬昆高速公路
1176,第一胎平均為13小時
1177,法國
1178,非歐幾里得幾何
1179,本頓
1180,通州張家灣
1181,青春勵志片
1182,《血盟救國軍軍歌》
1183,廣州
1184,靜脈
1185,
1186,獨裁政體
1187,第四年
1188,2010年臺北國際花卉博覽會」
1189,阿速特部首領阿魯台
1190,自由主義
1191,1874年
1192,衝動排放的組成是具備必要條件的
1193,卡斯特拉
1194,李克強
1195,河東道
1196,[UNK]++
1197,哈拉[UNK]
1198,熱帶稀樹草原
1199,韓國
1200,代替太原綏靖公署職權
1201,1980年在臺灣高雄市西子灣建立的國立大學，前身為1924年由孫中山創立的國立廣東大學
1202,46公里
1203,公元第二世紀
1204,佛倫丁
1205,義陽
1206,吉隆坡
1207,1924年
1208,農業生活
1209,發展局
1210,極端稀薄
1211,北京電視台
1212,舟山縣
1213,十月革命
1214,英國
1215,美國大學協會
1216,中國教育狀況後批評，中國政府在公共教育經費
1217,特工
1218,開京
1219,美國大蕭條時期
1220,為了解決元成宗時期的財政危機
1221,伊薩克
1222,明文
1223,陳誠
1224,全印穆斯林聯盟
1225,受通古斯人壓力
1226,喇嘛教
1227,古墳時代
1228,過渡區
1229,建設中國特色社會主義
1230,劉裕
1231,阿里烏教派
1232,鮑德溫伯爵
1233,佛教
1234,中國的世爵制度
1235,
1236,臺北市
1237,鄧小平
1238,南斯拉夫
1239,武陵
1240,存在於瓜拿納
1241,為旅客而設的茶室及酒館林立
1242,自由韓國黨
1243,否決權
1244,行為主義
1245,積極進攻
1246,英國
1247,1898年
1248,義大利工業的代表
1249,火箭發動機
1250,自律心肌細胞
1251,在軌道上驅動列車
1252,聖喬治拉丁文學校
1253,1284年
1254,1948年12月1日
1255,
1256,土地稅法
1257,魏博拉盧比民達行業工會
1258,文章奧府
1259,繁衍後代所需基因物質產生的方式
1260,坦尚尼亞
1261,粵
1262,安德魯約翰遜
1263,普林斯頓大學
1264,8
1265,釣魚台國賓館
1266,伊達政宗
1267,解釋恆星內部和恆星演化的模型被成功的發展出來
1268,民政長
1269,美國聯邦儲備委員會
1270,希洛克勒斯
1271,班傑明·富蘭克林
1272,臺灣
1273,第二代
1274,明治維新對日本進行了多項大刀闊斧的改革，在地方政治上廢藩置縣，廢除大名制度
1275,北京市
1276,無晶態的硫，倫琴衍射顯示其中含有由八個硫原子組成的環
1277,哈利里德
1278,低可偵測性
1279,柏拉圖
1280,波蘭人
1281,六四事件
1282,英祖四年
1283,改良式腳踏車
1284,京劇
1285,二人
1286,1880年
1287,全球資訊網
1288,幾月
1289,上層學科認知科學
1290,普通語
1291,張伯倫
1292,粳稻
1293,挪威
1294,大
1295,中國郵政集團公司
1296,軍隊士氣低落
1297,「我們是一個民族！」
1298,368011人
1299,福島縣會津地區
1300,2005年
1301,土地撥贈法案
1302,阿拉曼人
1303,史蒂夫·鮑爾默
1304,天花病
1305,牡丹峰樂團
1306,
1307,3座
1308,
1309,
1310,
1311,豫」
1312,1919年3月1日
1313,1.33%
1314,尊漢
1315,琉球國
1316,芝加哥大學
1317,普選制度
1318,世宗大王
1319,年
1320,1969年
1321,社會民主黨
1322,收割機，將稻穗捲入後，直接將稻穗與稻莖分離出來
1323,九年一貫之綱要文句太含糊
1324,劉宋
1325,病態賭徒
1326,全國人民代表大會
1327,外太空
1328,上奉山背跑馬嶺
1329,《雅爾達協定》
1330,荷蘭
1331,1913年
1332,馬來西亞
1333,鐵
1334,拿破崙
1335,廣東省
1336,
1337,羅馬法
1338,心理學
1339,希臘
1340,拉丁字母
1341,《中俄密約
1342,好萊塢一線男星中十分罕見。除了從軍期間，他應陸軍航空軍要求，錄製的愛國宣導影片以外，史都華
1343,外交獨立性
1344,24英吋克拉克望遠鏡
1345,生物質
1346,學會部
1347,食用菌
1348,2300
1349,類比訊號
1350,回族
1351,視錐細胞
1352,人口眾多
1353,威廉二世
1354,政治局擴大會議
1355,《我於青春無悔》
1356,君士坦丁大帝
1357,美國國家草地網球聯盟
1358,1932年
1359,阿爾法
1360,鐵鉉
1361,外交手段
1362,1684年
1363,2008年
1364,畢達哥拉斯
1365,2002年
1366,1918年
1367,母體脫力，胎兒面向後方或是胎兒的頭與骨盆尺寸不合的罕見情況
1368,魯宗之
1369,為了進一步驅逐西班牙勢力
1370,大韓帝國
1371,2012年
1372,電穿孔
1373,印度洋暖濕氣流
1374,太白山脈
1375,日本對朝鮮的行動
1376,控制面變形
1377,民國十八年
1378,濟州島
1379,¥
1380,10名
1381,東北停戰協定
1382,1980年
1383,1985年
1384,4世紀
1385,傳教工作計劃
1386,公元前三世紀
1387,九龍灣站
1388,1920年代
1389,1997年
1390,牛津大學默頓學院
1391,張學良
1392,越南
1393,1914年
1394,用以批判美國的外交政策，並慫恿美國總統到訪廣島市
1395,2300多種
1396,能夠當做燃料或者工業原料，活著或剛死去的有機物
1397,男長者多，以致大幅推高整體女性人口，才造成所謂「女多男少」。但基於香港社會的主流道德觀、人倫觀念和擇偶要求，主流華裔港人
1398,40倍
1399,1956年
1400,
1401,1856年
1402,庄[UNK]
1403,反革命事件
1404,王光美
1405,理察·科伯恩·麥克勞林
1406,西德
1407,1624年
1408,15%
1409,蔣中正
1410,奈及利亞
1411,美國
1412,1979年
1413,0.4太陽質量
1414,農田有良好的水利系統
1415,二戰
1416,2013年2月28日
1417,1970年
1418,英國殖民當局曾平息了多次騷亂和部落衝突
1419,南開中學
1420,科學家
1421,五
1422,忽都虎
1423,抗佝[UNK]病
1424,馬來-玻里尼西亞語族
1425,7
1426,
1427,政治行動與政治動員
1428,顯性文明
1429,北元
1430,43人
1431,斷裂口
1432,劉氏
1433,模特兒
1434,膜
1435,志費尼
1436,古巴共產黨
1437,《鋼鐵是怎樣煉成的》
1438,1994年12月1日
1439,最高榮譽大獎
1440,錫克教
1441,大業三年
1442,《西部開拓史》
1443,水上人漁民，源自遠古百越族
1444,保護區
1445,哈利里德
1446,伊斯蘭教
1447,徐樹錚
1448,忽都虎
1449,如未能為法國制訂出一部成文憲法
1450,英屬維京群島
1451,低可偵測性
1452,向奧托·馮·俾斯麥承諾會保持中立
1453,南朝鮮
1454,查莫洛社會
1455,僱傭保險
1456,日本
1457,義務教育
1458,九龍灣
1459,廣州
1460,精神醫學
1461,陳朝
1462,1948年1月1日
1463,多家傳媒、通訊、零售和酒店公司的總部
1464,反法西斯組織
1465,腓特烈二世在原定計畫前幾個月，於1756年~1757年先發制人入侵薩克森和波西米亞
1466,新聞頻道
1467,石亭之戰
1468,《中蘇解決懸案大綱協定》
1469,主體史學
1470,心室底壁組織
1471,1662年
1472,1884年
1473,第二產業
1474,德國
1475,杜登
1476,[UNK]總能量
1477,這些國家的政治體制更多
1478,
1479,澳洲大陸
1480,正德十一年
1481,瘟疫四竄
1482,奧地利
1483,亞穆納河於阿拉哈巴德附近與恆河匯流，在印度教中，該地也是神聖的匯流點。此匯流點亞穆納河的流量較恆河為大，流量為每秒2950立方公尺，約占匯流後總流量的58.5%。恆河上游水源主要來自3∼5月喜馬拉雅山
1484,孟加拉
1485,沙俄軍隊
1486,200萬立方公尺
1487,黑龍江
1488,2003年
1489,香港人口由50萬上升到220萬，數十萬閩籍人口南下，很多都進入北角區，北角
1490,
1491,陳誠
1492,
1493,佛教
1494,衝動排放的組成是具備必要條件的。但頻率理論難以解釋人而對聲音頻率的分析
1495,有性生殖
1496,網路龐克類型電影
1497,兩國爆發戰爭
1498,第十五屆奧運會
1499,鬍鬚狀
1500,阿拉巴馬州
1501,猴祭
1502,[UNK]-4戰鬥機
1503,2013年
1504,為區別以前的老火車站
1505,1980年
1506,1958年
1507,俄羅斯
1508,產生後代
1509,路易斯一世
1510,《時代》雜誌
1511,極權主義
1512,斯特-立陶夫斯克條約》
1513,路易·勒沃
1514,油輪失事而導致了國際災難?[SEP]核科學的發展導致放射性污染，在百年或千年之內釋放致命的放射線。卡拉恰伊湖
1515,後燃器
1516,曼諾球場
1517,東吳
1518,愛德華一世
1519,稻花沒有花瓣，也很難看到雄蕊雌蕊，它們都由稻花的內外穎保護著。稻在自體授粉
1520,1953年
1521,
1522,徐家匯
1523,保羅加德納
1524,陸秀夫
1525,福建人
1526,南斯拉夫內戰
1527,《塘沽協定》
1528,烏蘭烏德
1529,1897年
1530,巴拉克·歐巴馬
1531,2003年3月4日
1532,從市場分析和產品規畫來界定產品參數，以滿足消費者的興趣
1533,發展局
1534,杭州[UNK]橋機場
1535,勃艮地人
1536,「結束戰爭」
1537,管理所屬行政區域的地方官員
1538,國家歷史文化名城
1539,衛奕信
1540,非歐幾里得幾何
1541,中國聯合網路通訊集團有限公司以及旗下的中國聯合網路通訊股份有限公司、中國聯合網路通訊股份有限公司、中國聯合網路通訊有限公司等子公司的簡稱
1542,全國重點文物保護單位
1543,忽必烈
1544,花垣鎮
1545,未來以任何方式著陸埃歐的探測器都不需要安裝隔熱板來保護儀器
1546,惠金斯原理
1547,黑龍江
1548,波士頓理工
1549,兩年
1550,2010年
1551,有賴耶律楚材與木華黎推行漢法以維護其典章制度
1552,喬托號
1553,
1554,扎薩克圖汗
1555,聖西門主義
1556,
1557,蔡[UNK]
1558,德國
1559,《刑部大理寺狀》
1560,澳大利亞新南威爾斯州
1561,太陽運動
1562,聖方濟·沙勿略
1563,羅馬共和國時期
1564,花瓣
1565,韓國
1566,舊灣仔郵政局
1567,鄰國
1568,
1569,七千萬件
1570,朱少文
1571,15世紀
1572,
1573,劉琮
1574,高血壓
1575,北燕
1576,「政企分開、郵儲分離、完善機制」
1577,旨在保護環境、推進生態環境健康的寬泛的哲學、意識形態和社會運動
1578,城市物質形態
1579,環境保護主義
1580,773年
1581,懷柔區
1582,七間
1583,1949年撤遷臺灣
1584,清代
1585,中央政府遷臺初期
1586,字母文字
1587,荷蘭
1588,自動去極化
1589,加拿大
1590,七個
1591,安定
1592,機器
1593,乾旱
1594,內戰記》
1595,新北市
1596,
1597,政府採取反共措施
1598,世宗大王時期
1599,西里爾字母
1600,佩德納萊斯河
1601,四角號碼檢字法
1602,17名
1603,袁晁
1604,巴西
1605,歐洲聯盟委員會
1606,為了增加西側的空曠程度
1607,法國
1608,法國
1609,七年戰爭
1610,100米
1611,咖啡
1612,國民政府
1613,漢江
1614,無托葉，常分裂
1615,社會主義國家之路，成為其中的一個特例。此後，狄托
1616,學會部
1617,1993年以《審死官》、1995年
1618,射擊斷續器
1619,5位
1620,芽孢炭疽桿菌
1621,1968年
1622,北宋
1623,品
1624,1988年
1625,撫順」號
1626,英國
1627,耶穌會
1628,冷戰期間
1629,鐵鉉
1630,張伯倫
1631,《義勇軍進行曲
1632,棉花
1633,卡洛·埃馬努埃萊一世
1634,郭沫若
1635,黑龍江流域
1636,先來後到的土地分配衝突
1637,分子雲
1638,勒拿河
1639,厄德
1640,古羅馬
1641,當時儒教興盛
1642,「危坐二堂，絕無懼色
1643,克里斯蒂安尼亞
1644,無限制潛艇戰
1645,高速線哈大客運專線
1646,亞熱帶常綠闊葉林
1647,1937年
1648,北德意志邦聯
1649,都洛總督
1650,班傑明·富蘭克林
1651,腐蝕純鎳電鍍。鎳曾經是硬幣的常見成份，但現時這方面已大致上被較便宜的鐵所取代，尤其是因為有些人的皮膚對鎳過敏
1652,1835年
1653,咖啡因
1654,「以蘇聯在國際上的孤立地位，也不必擔心中蘇開戰
1655,1972年
1656,防衛分宿衛和鎮戍兩大系統。宿衛軍
1657,汪精衛
1658,體育部
1659,斜方晶八面體
1660,齊燮元
1661,太平洋組
1662,鄧演達
1663,七月初六，通州主動歸附；七月初八，攻破薊州，遵化、密雲歸附；七月十一
1664,訪客觀賞區
1665,殖民政策
1666,
1667,日本
1668,16世紀
1669,潮濕的大陸性氣候
1670,母細胞
1671,騎士團
1672,邱行湘
1673,佩德納萊斯河，德克薩斯州石牆郡
1674,皖系軍閥
1675,清廣東水師提督
1676,伊莉莎白二世女王
1677,1967年
1678,奧古斯都
1679,哲布尊丹巴
1680,免文思
1681,
1682,1861年2月9日
1683,閏3月3日
1684,漢字
1685,安托萬·拉瓦錫
1686,伊斯蘭教
1687,光度規則的在2.3至3.5等之間變化著。一顆穩定的恆星內部是在流體靜力
1688,周文公
1689,參議院
1690,在郵件被寄出前，證明寄郵人已支付全部或部分傳遞費用
1691,務農
1692,皖浙贛獨立團
1693,加藤清正
1694,經濟蕭條
1695,世族
1696,
1697,台灣
1698,民國34年
1699,1248年
1700,動力系統
1701,三個
1702,中山市
1703,俄羅斯
1704,庄[UNK]
1705,江河級驅逐艦
1706,2015年
1707,15度
1708,傳教士
1709,颶風
1710,世界氣象組織
1711,大秦
1712,海河流域
1713,蒙哥
1714,
1715,第九屆中國溧陽茶葉節
1716,全市綠化比例高
1717,收到十二道金牌班師回朝
1718,澳大利亞
1719,漢地
1720,3月29日
1721,7980年
1722,2010年
1723,青島海軍基地
1724,姑臧
1725,日本各[UNK]鐵路公司的票務櫃臺
1726,日軍
1727,波蘭進入戰時狀態
1728,1
1729,鉀離子通道
1730,黎元洪
1731,于鳳至
1732,中華民國台灣
1733,第二次世界大戰
1734,1961年
1735,白光
1736,陳誠因征戰驍勇，被孫中山點名送進這所軍校進行重點培養。陳誠
1737,1966年
1738,奈特·麥克米蘭
1739,公元10世紀
1740,中央政府遷臺初期
1741,白色
1742,自由聯合關係
1743,三次
1744,英國
1745,它違反《憲法》、《立法法》、《行政處罰法》及中國簽署的國際人權條約，使公民的人身權利不經審判被剝奪，同時沒有救濟的渠道
1746,《劃一現行各道地方行政官廳組織令》
1747,高朱蒙
1748,1948年
1749,蒸汽膨脹
1750,隋[UNK]帝
1751,副熱帶季風氣候區，全年雨量多而平均，月平均最低溫為一月份的攝氏12.4度，月平均最高溫發生於七月份的攝氏33.6度。全市極東點在貢寮區田寮洋子萊萊
1752,嗜賭
1753,美國心臟學會
1754,大英帝國
1755,《八篇書》
1756,德軍
1757,奧伊彭-馬爾默迪地區
1758,路易十四
1759,合作派
1760,協助自殺
1761,工業革命
1762,
1763,1990年代
1764,阿弗剌昔牙卜
1765,24%
1766,高麗國
1767,貨運用途
1768,1828年
1769,第二名
1770,興大學生會
1771,西京招待所
1772,1262年
1773,湯瑪斯傑佛遜
1774,新春
1775,郵值標籤
1776,席哈克略皇帝
1777,德國
1778,希臘的宙斯
1779,農耕節
1780,俄國革命
1781,趁德軍主力集中在東方戰線，發動香巴尼和阿杜瓦兩輪攻勢。但因為沿用舊戰術，而且欠缺強大火力掩護
1782,石勒
1783,二人對弈的戰略棋盤遊戲，也是世界上最流行的遊戲之一。世界各地數以百萬計的人在家中、俱樂部中、網路上以通訊西洋棋或比賽形式對弈
1784,敵我矛盾
1785,亞屬名並不是動物學名的一個組成部分
1786,西塞羅
1787,10
1788,會稽虞氏
1789,英國
1790,木衛一
1791,阿茲海默病
1792,1993年
1793,外蒙古
1794,劉少奇
1795,花園城市的概念興起，一些現代的都市被建造了，如英國的韋林花園都市。無論如何，這些都市只具有非常小的規模，特別只處理有關幾千名居民的事務，當1920年現代主義嶄露頭角
1796,荀子
1797,五個
1798,通古斯地區過於偏遠
1799,安大略湖
1800,羊肉
1801,大王
1802,沈攸之
1803,印度教中，該地也是神聖的匯流點
1804,浮動匯率制
1805,英國
1806,詹姆斯
1807,意識形態的原因
1808,59歲
1809,法國
1810,1928年
1811,5個
1812,
1813,曼哈頓是美國紐約市5個行政區之中最人口稠密的一個，與紐約郡範圍相當。這個行政區主要由一個島組成，並被東河、哈德遜河以及哈林河包圍，並同時包括鄰近的一些小島嶼和一塊在大陸上的飛地大理石山。曼哈頓
1814,
1815,君士坦提烏斯二世
1816,師承
1817,北海道
1818,甲醇
1819,太祖王
1820,牛隻列印問題
1821,英國
1822,與蒙古統治者和平共存
1823,中國
1824,1590年
1825,1941年
1826,細胞核
1827,將蒸汽引入氣缸後閥門被關閉
1828,俄國發生十月革命
1829,俄羅斯
1830,劉少奇為了維護毛的權威，仍然參與到以空前的高調呼籲對毛的個人崇拜的浪潮中來
1831,新北市西部的13個市轄區
1832,1943年
1833,多倫多市
1834,顯性文明
1835,超過9倍太陽質量
1836,愛倫·坡
1837,純的硫是黃色的晶體
1838,
1839,德川家康
1840,第三世界
1841,+1.41。太陽的視星等是−26.7
1842,臺北縣政府向中華民國內政部提報升格為直轄市，確定以「新北市」作為升格後之市名，有「新臺北／臺北／北部新設之市
1843,南朝鮮
1844,1789年
1845,漢諾瓦國立劇院
1846,泰勒斯
1847,32.8%
1848,轉交控制權
1849,鮑羅廷
1850,杜林
1851,靈長類
1852,1950年多過幾倍
1853,黃埔軍校
1854,《紅樓夢》
1855,1932年
1856,1920年
1857,雲南
1858,14世紀末至20世紀初
1859,電子郵票
1860,漢字
1861,曼努埃爾一世
1862,剛果民主共和國
1863,俄國
1864,成熟階段
1865,沒有自然本性
1866,吠陀梵語和古典或「波你尼」梵語區分為不同的方言。儘管它們非常類似，但在音韻、詞匯和語法幾方面，本質上有所不同，令學者難以理解吠陀。吠陀梵語
1867,2016年9月10日
1868,羅伯特·波義耳
1869,湯·韋迪加
1870,托木斯克州
1871,都洛總督
1872,航宇
1873,
1874,
1875,腓特烈二世
1876,義大利
1877,2000年
1878,林肯總統。戰後數十年
1879,傳統儒家思想
1880,路易-菲利普
1881,戈翁
1882,吳兆南相聲劇藝社
1883,一神論
1884,1865年
1885,翟中和
1886,1924年
1887,臺灣郵政總局
1888,30%
1889,楊宇霆
1890,法國
1891,詹姆斯·梅特蘭·史都華
1892,周恩來
1893,見軍隊士氣低落
1894,環境污染
1895,藍營
1896,俗世什一稅
1897,洛厄爾天文台
1898,雙打規則
1899,三名
1900,中日甲午戰爭
1901,臺灣
1902,電氣化鐵路
1903,《隋唐帝國與古代朝鮮》
1904,2006年
1905,中華民國實業部
1906,1966年
1907,多倫多
1908,大學生的城市
1909,約翰·洛克菲勒
1910,1920年代
1911,1596年
1912,甘迺迪
1913,胡季[UNK]
1914,
1915,俄羅斯軍隊對喬治亞軍隊發動一系列空襲
1916,2013年
1917,恰克圖條約
1918,美國國家動物園
1919,五分之一
1920,《德意志語言正字大詞典》
1921,魔獸世界：燃燒的遠征
1922,
1923,《渡假留香》
1924,日本
1925,美國硫酸是所有生產得最多的化合物
1926,德國
1927,美國總統選舉
1928,中山
1929,閻錫山
1930,1997年
1931,托爾金
1932,
1933,中國政府因開放市場的需要
1934,阿伊努人
1935,1919年
1936,五倍
1937,風力發電站
1938,艾森豪
1939,3400萬
1940,網球正拍擊球
1941,亞利桑那州旗杆鎮
1942,二二八事件
1943,勒拿河
1944,澎湖
1945,氧
1946,理學
1947,1998年
1948,2016年11月
1949,毛澤東
1950,1964年
1951,19世紀末20世紀初的天文學家有能力在解析出在埃歐上大區域的表面特點。在1890年代，巴納德首先觀察到埃歐的赤道和極區之間在光度上的變化，正確的測量出這兩個地區的光度變化是來自顏色和反照率的不同
1952,維基媒體
1953,生物質
1954,1939年
1955,清朝末年
1956,城堡
1957,所有兩人來往的書信
1958,1997年
1959,65歲及以上人口
1960,半熱帶加勒比海島嶼所組成。群島內的島嶼大小不一，最大的托土拉島長達12公里，而最小的島嶼小得不宜人居。英屬維京群島全都坐落於維京群島的範圍內，位於美屬維京群島以東數里的地方。北大西洋
1961,1455年
1962,鄧穎超
1963,人類也用自然材料造建築物保護自己
1964,傳統音樂
1965,為了提防燕王謀反
1966,法國
1967,土耳其
1968,恢復市場的功能，以邁向生產力理論
1969,北非
1970,南京
1971,1834年
1972,內耳的一部分，司平衡，稱前庭器官，另一部分能感受聲音刺激叫耳蝸，是骨質外殼包著的管狀結構，捲曲數圈呈蝸牛狀，故名。這一管狀結構靠近[UNK]骨底板的一端較粗，叫基部
1973,不見於官方文告及檔案
1974,1901年
1975,十八歲
1976,近年
1977,稻米有稻米文明的話，中國人最常打招呼的是「你吃飯
1978,帖木兒帝國
1979,音速巡航，他們還是繼續使用後燃器作為必要時的緊急能量補充
1980,哪一年時宣布聖殿騎士團為異端?[SEP]後將大部分騎士團財產劃歸己有
1981,1970年
1982,30℃
1983,家
1984,無性別的宦官與宮女的結合
1985,兩個
1986,
1987,1961至1989年
1988,元武宗
1989,天文學家
1990,毛澤東
1991,中國
1992,最高人民法院
1993,1991年
1994,中部科學園區
1995,台北市立體育場
1996,
1997,冷戰期間
1998,1893年
1999,收容遣送制度
2000,中國國民黨
2001,《朱啟[UNK]：「被抹掉的奠基人」》
2002,狄拉克
2003,金黃飽滿
2004,移民實邊
2005,水軍
2006,共產黨
2007,質子-質子鏈反應
2008,周恩來
2009,瑞士洛桑國際管理學院
2010,1950-1980
2011,
2012,試圖使中華人民共和國的人權狀況與國際普便認可的標準接軌
2013,丹尼爾奧爾特加
2014,幾何學
2015,1954年
2016,《風之國度》上市。《風之國度》
2017,拜占庭
2018,阿格旺多傑
2019,首席的元老
2020,11世紀
2021,塔西佗
2022,德國人、義大利人和來自東歐的猶太人
2023,光度
2024,大選
2025,巡按使
2026,1610年1月7日
2027,荷蘭
2028,喬治亞共和國」，1995年8月24日該國通過新憲法，國名定為「喬治亞
2029,1835年
2030,六四天安門事件
2031,類比訊號
2032,由耶柔米自希伯來文和希臘文進行翻譯
2033,30轉
2034,相信敵基督將會出現
2035,1948年
2036,1987年
2037,洪堡
2038,1847年
2039,隋[UNK]帝
2040,1968年
2041,不動產
2042,
2043,林肯總統
2044,養殖漢諾瓦馬、歐登堡馬和其他血統的馬是不少下薩克森邦人的業餘愛好和職業。下薩克森邦風景怡人，非常適合徒步旅行和自行車運動。哈爾茨山區適合冬季滑雪
2045,元末民變
2046,
2047,上尉特別官佐
2048,1599年
2049,3個
2050,香港國際機場
2051,吸引選票
2052,段祺瑞
2053,普魯士
2054,高句麗
2055,內蒙古
2056,溧陽
2057,學會部
2058,林肯總統
2059,科什圖尼察
2060,6000
2061,進步主義法案
2062,500毫升
2063,商朝
2064,民國元年
2065,蒙古人
2066,正德十一年
2067,心外膜
2068,愛爾蘭共和國
2069,歐洲委員會和歐洲聯盟委員會
2070,毛澤東
2071,當旭烈兀得知蒙哥於南征南宋時去世的消息
2072,西田幾多郎
2073,莫高窟
2074,電穿孔細胞
2075,參見明朝皇帝
2076,2次
2077,1924年
2078,梁啟超
2079,現貨
2080,洋馬兒
2081,義大利行省經濟的敗壞
2082,1935年
2083,鹿兒島
2084,女長者
2085,貨運列車
2086,
2087,艾薩克·牛頓解釋認為在每個方向分布的恆星將重力彼此互相抵銷掉了。義大利天文學家傑米尼安諾·蒙塔納利
2088,逃港者
2089,柏拉圖
2090,民法，宗教法，和傳統習慣法
2091,長期戰爭
2092,牙
2093,阿爾卑斯山
2094,上尉特別官佐
2095,1984年
2096,何鳳山
2097,十倍
2098,1995年
2099,[UNK]
2100,日語
2101,阿爾法級別
2102,二戰
2103,草本
2104,涵元殿
2105,奧斯卡·赫特維希
2106,1971年
2107,英國
2108,段祺瑞
2109,產婦有植入性胎盤情形，會增加此階段大量出血的風險。專家建議產後餵初乳，可以減少出血以及增強孩子免疫
2110,民國18年
2111,山地
2112,托爾金
2113,法國東部
2114,灣仔
2115,拉丁語
2116,美國
2117,畢達哥拉斯
2118,愛格思海金斯公司的建築師
2119,雪山寶貝
2120,第53
2121,英格蘭
2122,
2123,一次世界大戰時期
2124,大量安眠藥
2125,史坦波中心
2126,《科學怪人》
2127,林登·貝恩斯·詹森出生於佩德納萊斯河，德克薩斯州石牆郡的小農莊，他是五個孩子中最大的。他的父母小山繆·伊爾·詹森和利百加·貝恩斯育有三個女孩和兩個男孩：詹森
2128,[UNK]-16
2129,日本
2130,麥健時報告書
2131,江蘇淮安
2132,劉裕
2133,中共中央副主席
2134,毒氣
2135,連接子
2136,普洱專區
2137,僱傭安定
2138,英國倫敦溫布頓
2139,國君身邊的齊泰和黃子澄為奸臣
2140,1569年
2141,佐世保最大的造船企業。大島造船所
2142,申城
2143,德川家
2144,河川
2145,岩石圈
2146,香港日治時期
2147,反托拉斯法
2148,1925年
2149,計畫在荃灣、沙田及屯門三地發展成衛星城市
2150,德國
2151,亞熱帶
2152,
2153,日本
2154,反共思想
2155,韓國
2156,卡拉恰伊湖被世界觀察研究所定為地球上「污染之最」，在二十世紀五十到六十年代成為蘇聯垃圾場。第二個地點為俄羅斯車里雅賓斯克
2157,王藍
2158,南成旭
2159,東晉元帝
2160,最低層
2161,漢字
2162,絲綢之路
2163,5642米
2164,殺蟲劑中毒
2165,緬甸
2166,保守派
2167,通惠河
2168,薩繆爾
2169,南奧塞提亞自治區
2170,浮動匯率制
2171,農業
2172,秋天
2173,將兩國國界以黑龍江為基本界限劃清
2174,漢馬伏波
2175,雲南省
2176,美國
2177,土地改革
2178,林邑王陽邁
2179,美國電影藝術與科學學院
2180,
2181,民主黨重奪眾議院與共和黨內的保守派反對坎農可議的嚴重干涉
2182,中校區
2183,1789年
2184,一年大概工作多少天
2185,旅遊業
2186,泰勒斯
2187,質學院
2188,2007年
2189,國家歷史文化名城
2190,維基媒體基金會
2191,一省
2192,道里根加河
2193,非婚生
2194,中山市
2195,最佳演唱團體獎
2196,可以同時有多於四名正妻
2197,生長週期短暫，在濕季迅速生長，旱季死亡，以避開旱災和火災
2198,精神醫學
2199,機炮
2200,魏源
2201,威尼斯影展
2202,繁衍後代所需基因物質產生的方式。一般而言，細胞會在無性分裂之前複製其基因，然後分裂
2203,第二心音
2204,李白
2205,世襲制度
2206,日本警視廳
2207,澳大利亞新南威爾斯州
2208,2009年
2209,牛胃氣膨脹
2210,北源沮水
2211,吠陀梵語
2212,受道家老子思想的用詞影響
2213,伸展台模特兒
2214,公共事業振興署
2215,雷達於二次世界大戰初期開始運用於對空警戒
2216,1971年
2217,中山高速公路以及?[SEP]道台74線
2218,高科技產業
2219,東芝
2220,新北市
2221,川本芳昭
2222,敘利亞
2223,一年
2224,商業貿易
2225,要求進行民主選[UNK]
2226,2002年
2227,620年
2228,民國42年
2229,第一公民
2230,現代主義
2231,天主教
2232,美利堅聯盟國
2233,亞歷山大·塞維魯
2234,1949年
2235,1882年
2236,《禁書目錄》
2237,心室底壁組織
2238,東南亞
2239,約瑟夫·葛尼·坎農
2240,周恩來
2241,保護我方運用空權以及摧毀敵人使用空權
2242,重轟炸機
2243,日本
2244,民國37年春夏，經洛陽戰役、宛西戰役、宛東戰役、豫東戰役，國民政府土崩瓦解。國民黨各縣黨部也相繼解散，紛紛逃離。同年
2245,模擬別人的言行
2246,1897年
2247,李察·賓特利
2248,印尼
2249,康熙四十八年
2250,
2251,本科學科
2252,28個
2253,克里米亞戰爭
2254,國防部空軍司令部
2255,雅魯藏布江流域
2256,1945年
2257,荷蘭人
2258,閉關鎖國
2259,1971年
2260,2013年
2261,馬來語、印尼語、他加祿語等。1928年，土耳其共和國國父穆斯塔法·凱末爾·阿塔土克
2262,大連
2263,1918年
2264,年輕恆星
2265,低可偵測性
2266,土魯斯
2267,聯合國人權委員會
2268,庫里爾台大會
2269,氫
2270,頭
2271,賓州大學
2272,環境污染
2273,月收入
2274,毛奇
2275,間性。有性生殖
2276,後代
2277,熱帶草原氣候
2278,劉宋
2279,劉備
2280,第二心音
2281,寶鼎二年
2282,非金屬
2283,道格拉斯
2284,稻
2285,
2286,五個
2287,民國25年
2288,松花江
2289,墨西哥
2290,宋理宗
2291,太陽能電池板
2292,2008年
2293,北韓第13屆最高人民會議第2次會議
2294,安陽鎮
2295,繩文人和大洋洲的諸民族都有與丹尼索瓦人混血的相似性，這也間接的証實了繩文人、大洋洲諸民族與澳洲人種
2296,斯芬·佩斯
2297,2001年
2298,大道東附近
2299,27千兆瓦
2300,副熱帶濕潤氣候
2301,1200萬名
2302,
2303,2008年
2304,5760.72億元
2305,1998年
2306,周[UNK]人在做自己的文章時只拿到了一分。而2011年福建高考語文閱讀理解材料文章為《朱啟[UNK]：「被抹掉的奠基人」》。作者林天宏
2307,杜篤瑪
2308,觀察使
2309,卡爾梅克人社區
2310,玉泉北路
2311,伊斯蘭天文學家
2312,雙打比賽
2313,河西
2314,諷刺
2315,敵我性質
2316,刺史
2317,
2318,西雙版納傣族自治州
2319,三歲
2320,嗜賭
2321,雷焦卡拉布里亞國家考古博物館
2322,阿克爾自治市
2323,香港人
2324,都市計劃
2325,西班牙
2326,布爾人
2327,胎兒與產婦的健康狀況
2328,刷哪一張卡
2329,第18
2330,定西侯
2331,臭氧層
2332,外國人光顧，尤其每當有外國軍艦
2333,日軍
2334,威尼斯總督
2335,1919年
2336,1939年
2337,以用於在郵件被寄出前，證明寄郵人已支付全部或部分傳遞費用
2338,噪聲
2339,西塞羅
2340,南源玉帶河
2341,蘇維埃社會主義共和國聯盟
2342,音樂
2343,《四十二章經》
2344,阿爾杜伊尼卡家族
2345,工業
2346,海因利希・弗格勒
2347,五套
2348,雲南省西南端。州境北面與普洱市
2349,《韓國憲法》
2350,環境因素
2351,《失落的故事集》
2352,1918年
2353,1563米
2354,原始宗教
2355,第1區
2356,溫病學
2357,杭州
2358,地面雜訊
2359,1970年
2360,威廉·馮特
2361,彰化市民代表會
2362,法國大革命時期
2363,明朝
2364,2013年
2365,朱德
2366,
2367,漢武帝時期
2368,1958年
2369,中國東西內蒙古分界線
2370,英籍工程師
2371,主語
2372,主序帶
2373,
2374,臺灣郵票
2375,1938年
2376,2014年
2377,院
2378,2007年
2379,法國
2380,於1756年~1757年先發制人入侵薩克森和波西米亞
2381,東德仍遭受著糖、咖啡之類的基本食物的短缺。一些在西方
2382,諸王擁有軍權，對他構成潛在威脅
2383,蒙古語
2384,甲醇
2385,元太宗
2386,15625億日元
2387,印度教經文
2388,1222年
2389,西漢元封二年
2390,二次世界大戰爆發
2391,依法治國
2392,1987年
2393,工程化核酸酶
2394,金軍
2395,1-0擊敗阿根廷，成為繼巴西
2396,網球的球
2397,心室底壁組織
2398,王朗
2399,40年
2400,2901.3平方公里
2401,新北市
2402,郭守時
2403,文革
2404,靠近中國大陸的大陸型氣候
2405,「學習偉大領袖毛澤東」
2406,19世紀
2407,檀君古朝鮮
2408,1979年10月6日，華國鋒、葉劍英通過中共中央辦公廳通知中央政治局常委到中南海懷仁堂召開常委會，在張春橋
2409,
2410,清宣宗時代
2411,蒙漢兩元政治
2412,黑色貝雷帽
2413,[UNK]升骨城
2414,四次
2415,馬林諾夫斯基
2416,顯性文明
2417,1972年
2418,錫克教
2419,慢病毒載體
2420,人權問題
2421,1603年
2422,一分
2423,紐格威森林
2424,2015年
2425,減低阻力
2426,新石器時代
2427,馬可波羅
2428,海因里希·赫茲
2429,1958年
2430,世界氣象組織
2431,通貨膨脹
2432,1820年代
2433,庫務局
2434,100m
2435,天主教
2436,第二產業
2437,1958年
2438,2003年
2439,柏樹林
2440,
2441,仙台市
2442,史和平
2443,蓋銷
2444,
2445,1967年
2446,義和團事變
2447,混合苦膽的酒
2448,建文二年
2449,關島組織法
2450,2008年
2451,第五次調整
2452,彼得二世
2453,19世紀下半葉
2454,商業和手工業
2455,合不勒汗
2456,高句麗
2457,
2458,民國3年
2459,
2460,巴納德
2461,量子光學
2462,糧食
2463,倫敦
2464,聖武記
2465,民國3年6月24日
2466,養老保險
2467,太陽
2468,坎貝爾
2469,港島區
2470,1230年
2471,混亂的局勢維持了一個多世紀
2472,《中華人民共和國憲法》
2473,二十歲
2474,
2475,中村法道
2476,高要
2477,鐵穆爾
2478,267年
2479,1990
2480,##3年3月1日
2481,1260年
2482,13小時
2483,氦
2484,戰基處營區土地
2485,蒙古貴族
2486,巴西爾二世
2487,黑死病
2488,第二次世界大戰
2489,哈雷阿卡拉國家公園
2490,硫酸
2491,氮化硫
2492,第三
2493,1972年
2494,都市計劃
2495,梯度
2496,哲布尊丹巴
2497,情感支持
2498,幾名
2499,司馬休之
2500,煤煙消除會
2501,公民化
2502,勞力密集工業
2503,國民政府時期
2504,海因里希·赫茲
2505,傻瓜塔
2506,朱允[UNK]
2507,五桂山
2508,匹茲堡
2509,艾薩克·牛頓
2510,道台74線連結，是臺灣西部平原丘陵區上第二條南北縱向貫穿全島的高速公路
2511,《動員戡亂時期臨時條款》
2512,蒙古國肯特山
2513,1989年
2514,花垣鎮
2515,東部
2516,毒品
2517,百分比
2518,韓國
2519,梅艷芳是女低音
2520,整理遺產
2521,泰國
2522,君主主義者所操控的議會，這群人視他的管治時期為過渡到復辟時期的橋樑。他上任第一年，施政小心謹慎，任命中間偏右
2523,孔恩
2524,索契
2525,比利時
2526,重慶理工大學
2527,支持臺灣獨立
2528,新天皇光明天皇
2529,托木斯克
2530,葛摩
2531,1897年
2532,《臺灣自救運動宣言》
2533,詳細規劃
2534,十億年
2535,1414年
2536,塞爾維亞
2537,1807年
2538,1500公里
2539,南極條約協商會議
2540,布里亞特人
2541,建炎二年
2542,民國時期，滇軍在雲南形成割據局面，先後有唐繼堯、龍雲等統治雲南，形成「以一隅而為天下先」的聲勢。民國8年
2543,##3年3月1日
2544,前279年
2545,中國大陸
2546,
2547,庫納巴拉班
2548,1906年
2549,老子
2550,1968年
2551,1640年
2552,
2553,威尼斯人
2554,機場快線是港鐵營運的鐵路線
2555,梅艷芳是女低音
2556,##3年3月1日
2557,1997年
2558,2005年7月21日
2559,宋代
2560,國家預防腐敗局
2561,風機高度愈高
2562,大學生研究計劃」
2563,嘉義大地震
2564,1994年
2565,王亞南
2566,茂蘿街
2567,早期
2568,1233年
2569,日本
2570,登山車
2571,晶片
2572,發動機
2573,黨委
2574,中華人民共和國河北省張家口市東北部下轄的一個縣。縣政府駐赤城鎮政府街1號。赤城縣位於白河上游，鄰接北京市懷柔區和延慶區。南北氣候差異較大，晝夜溫差懸殊，年均溫只有5.7℃。明代
2575,重工業
2576,大東書局上海印刷廠
2577,1952年
2578,十二月屠殺的事件中，多達15位的政治反對領袖遭到執政政府的暗殺
2579,驅逐艦
2580,俄國內戰
2581,金正日
2582,
2583,2500年
2584,1923年
2585,臺北縣政府向中華民國內政部提報升格為直轄市，確定以「新北市」作為升格後之市名，有「新臺北／臺北／北部新設之市
2586,二氧化硫
2587,興十一年
2588,幻境
2589,臭氧層
2590,學者
2591,廣東籍
2592,義大利
2593,多數派
2594,1990年代
2595,秋明州
2596,倫敦煙霧事件
2597,加州
2598,自由
2599,韓國
2600,不穩定性
2601,北方太平洋品種
2602,亨利克萊
2603,敦煌
2604,
2605,赫爾伯特·查普曼
2606,噪音過大
2607,廿八歲
2608,濟南
2609,2016年
2610,印度國民軍士兵大審判
2611,榮休教宗
2612,中華民國教育部
2613,2比1
2614,參議院
2615,1861年
2616,1991年
2617,擁有領土主權
2618,1953年12月
2619,滅絕事件
2620,2003年3月4日
2621,曼莫漢·辛格
2622,刺激性
2623,八一四空戰
2624,克羅埃西亞共和農民黨
2625,1895年
2626,中華民國99年12月25日
2627,黑森邦
2628,漢拿山
2629,蒙古第二次西征，伏爾加河的欽察斡勒不兒里克部落首領八赤蠻拒絕投降
2630,慈禧皇太后
2631,1600分
2632,保羅•狄拉克
2633,失分
2634,第一次鴉片戰爭
2635,中國國民黨黨員
2636,中國
2637,蔡素玉
2638,加拿大
2639,工藝上的難度不獲好評
2640,「鄧小平建設有中國特色社會主義理論」
2641,2015年
2642,4個
2643,溫州
2644,漢諾瓦
2645,莫里爾關稅法
2646,中途公園
2647,聯合國軍。1994年12月1日，韓國收回了除戰時指揮權之外的軍事主權。駐韓美軍
2648,燈罩
2649,高房價
2650,2015年
2651,1948年12月1日
2652,效益主義的貢獻在於定性分析幸福
2653,解放軍
2654,1946年
2655,伊斯蘭教
2656,元弘之亂
2657,
2658,伊斯蘭教蘇菲派一神論
2659,暴雪娛樂公司
2660,第二次義大利衣索比亞戰爭
2661,歷史學家
2662,理論心理學
2663,西方墨點法
2664,136.03萬人
2665,唐朝
2666,戰鬥機
2667,克列孟梭
2668,與空氣隔絕
2669,國家邊海防委員會
2670,遜位
2671,中部科學園區
2672,1803年
2673,
2674,外交接觸在百濟個性溫和的雕塑
2675,[UNK]
2676,杜林
2677,加密技術的發展奠下了基礎。共有九位圖靈獎及七位查爾斯•斯塔克•德雷珀獎
2678,多數私立中式學校都面對的問題
2679,三一九槍擊事件」，為中華民國政府遷台以來首次國家元首遭槍擊
2680,耶穌會
2681,西塞羅
2682,[UNK]
2683,進口替代
2684,法西斯義大利
2685,2005年
2686,忠孝橋
2687,麥可
2688,1970年
2689,高崗
2690,1930年
2691,進行海水淡化
2692,文盲
2693,
2694,爭議性
2695,創辦之初
2696,印尼蘇門達臘島的部分地區等。在1945年以前，印尼
2697,人本主義
2698,首爾塔洞公園
2699,接納蒙古人民共和國加入聯合國，中華民國未參加表決
2700,
2701,機械電視
2702,1美元兌8.27至8.28元
2703,約西元前8200年
2704,普法戰爭
2705,什錦麵
2706,利用各種工具與手段使得人民除了為現有體系辯護的情況之外，更是遵從領袖崇拜的意味存在
2707,中東
2708,廣東省的面積大於現時的廣東省，包括現時廣西壯族自治區欽廉地區及海南島，但不包括現時隸屬廣東省的懷集縣。民國三十六年全省土地面積為21萬8511平方公里。民國三十八年
2709,陳誠
2710,土魯斯
2711,
2712,美軍
2713,甘蔗
2714,早已不滿北條氏專制政權
2715,
2716,
2717,[UNK]線
2718,2010年
2719,
2720,
2721,2008年
2722,納粹黨
2723,清政府
2724,威廉二世
2725,[UNK]
2726,漢魏故城
2727,1920年代
2728,五色旗
2729,威廉一世
2730,人造衛星
2731,35號
2732,1702年
2733,將飛行員的控制命令透過電線與電子裝置，轉換為對控制面的驅動訊號與力量
2734,新加坡
2735,同盟國
2736,1944年
2737,標準中文
2738,布里斯托汽車脫離航空公司獨立。這也是的布里斯托爾成為重要的汽車輸出港。布里斯托有2個重要的高等教育機構:成立於1909年，紅磚大學之一的布里斯托大學
2739,河運
2740,伏爾加河
2741,國際動物命名委員會
2742,黃金自由貿易
2743,脫脫
2744,耗資6億美元、世界上規模最大的集中式太陽能發電站
2745,大韓帝國
2746,在郵件被寄出前，證明寄郵人已支付全部或部分傳遞費用
2747,第265任
2748,蒸汽機車均是載客和載貨列車
2749,死亡
2750,60人
2751,阿拉瓦克人
2752,灣仔填海計劃第二期，將成爲日後「灣仔北」發展區
2753,日本各[UNK]鐵路公司
2754,兩馬赫的範圍，這讓這個時期的戰機陸續出現了極端設計
2755,12個
2756,
2757,伽利略
2758,1875年
2759,裏海
2760,1863年
2761,1880年
2762,16世紀末葉
2763,
2764,杜林
2765,
2766,豐臣氏
2767,
2768,尹伊桑
2769,拿破崙
2770,267年
2771,11月祭
2772,中華人民共和國
2773,愛格思海金斯公司
2774,阿拉巴馬州
2775,2010年
2776,《名人傳》
2777,呂蒙
2778,林肯
2779,1867年
2780,70%
2781,狩獵採集社會
2782,第三世界國家
2783,國民黨
2784,第一級榮譽的成績畢業並獲得140英鎊的獎學金。加上來自約翰學院
2785,擔心引起教會勢力的強烈反彈
2786,伊斯蘭哈里發軍隊
2787,亞塞拜然
2788,1986年
2789,古中國科學著作，以及相關的古代
2790,1946年11月8日建立了以漢諾瓦作為邦首府的下薩克森邦。1946年12月9日第一屆邦議會成立。然而並不是通過選舉產生，而是由英國占領當局任命。1951年4月13日
2791,中國天主教愛國會
2792,心血管疾病
2793,科研單位
2794,至元十三年
2795,硫酸
2796,義大利戰爭
2797,第一個的重要現代環境立法
2798,中華人民共和國
2799,納粹德國
2800,徵兵制
2801,1933年
2802,1994年、1996年和2001年
2803,羅禪征伐
2804,17世紀
2805,天主教會
2806,多國部隊維和活動及國防合作活動
2807,溫布頓網球錦標賽
2808,華沙
2809,伯力
2810,外交政策
2811,長度
2812,8世紀
2813,約翰二世·科穆寧皇帝
2814,凡爾賽宮
2815,北海道帝國大學
2816,2008年
2817,信陽市
2818,地區邊界
2819,電腦介入飛控系統操作，飛行員只需下達動作指令，至於達成指令所需的機身、動力系統與氣動面調整，則是由電腦
2820,動物命名法
2821,2016年
2822,1789年
2823,西線
2824,國際動物命名法委員會
2825,為了提防燕王謀反
2826,友誼賽
2827,齊格蒙特三世
2828,天文學
2829,莫哈梅·西亞德·巴雷政權倒台而崩潰之後，它已得到重建，並由諸如邦特蘭
2830,外力
2831,水療
2832,路德的德語聖經將這四卷書列於新約正典的最後，而不像其他版本聖經的傳統順序
2833,趙光義
2834,攻占納哈出的金山
2835,期貨交易所
2836,內燃機引擎
2837,銀熊獎
2838,1968年
2839,靜止心率
2840,釣魚臺
2841,10名
2842,1989年
2843,武昌起義
2844,直接隸於甘肅省政府
2845,殺傷力大
2846,第一波新政
2847,非歐幾里得幾何
2848,1976年
2849,地球大氣層及其他天體之外的虛空區域
2850,第2758號
2851,1960年代
2852,楊森
2853,1859年
2854,為了更好的與羅馬帝國進行貿易活動
2855,學會部
2856,宗[UNK]
2857,粵西
2858,東德仍遭受著糖、咖啡之類的基本食物
2859,印度河文明
2860,儒略日
2861,孫傳芳
2862,維多利亞港
2863,郵箱業務
2864,20%
2865,分發式政策
2866,馬可福音
2867,
2868,東非
2869,1000米
2870,馬關條約
2871,羅斯福
2872,大陸性季風氣侯
2873,214微克
2874,1席
2875,盧安達現行憲法
2876,益州
2877,段思平
2878,
2879,
2880,廣州
2881,學術排名評比
2882,雌雄同體
2883,當時尚未了解任何遺傳機制
2884,攔截機
2885,寮國
2886,2000年
2887,15年
2888,護航艦艇，英國部族級驅逐艦
2889,
2890,26屆
2891,武漢大學
2892,第二心音
2893,1989年
2894,史達林
2895,為求儘可能在短時間內疏散人潮、車潮，並減少塞車情形
2896,英國
2897,廣州鐵路局
2898,航宇
2899,社交活動
2900,孫傳芳
2901,襄樊之戰
2902,阮攸
2903,盟友
2904,倫敦
2905,《農書》
2906,蘇聯第三國際
2907,中世紀中期
2908,美國登山車協會
2909,j
2910,台南
2911,精神醫學
2912,
2913,1987年
2914,培訓
2915,##3年3月1日
2916,直布羅陀海峽
2917,只是把普選局限於男性
2918,在一固定期間內，一家機構的現金增減變動情形
2919,1923年
2920,凡爾賽宮室內網球場
2921,安帝
2922,光緒年間
2923,托列斯海峽
2924,自由民主黨
2925,印度洋
2926,297萬
2927,2007年
2928,亞熱帶季風氣候
2929,美國
2930,克羅埃西亞
2931,778年
2932,成熟階段
2933,肌萎縮性脊髓側索硬化症
2934,軍事防衛
2935,馬庫斯·瓦勒里烏斯·馬提亞利斯
2936,《關於托勒密和哥白尼兩大世界體系的對話》
2937,傳送其基因組進入其他細胞，進行感染的分子機制
2938,冷氣
2939,種族區分
2940,南成旭
2941,盧安達貪污腐敗的程度較低，不過人權組織報告稱該國的反對派團體受到壓制、言論自由也遭到恐嚇和限制。該國自前殖民時期以來就一直由嚴格的行政級別進行管理，全國按2006年劃定的邊界分成五個省。此外，盧安達
2942,阿森納
2943,厄爾布魯士峰
2944,中國國民黨左右派
2945,明朝
2946,武器設計製造人才
2947,2002年
2948,沒有
2949,
2950,科學博物館
2951,春城著稱
2952,1874年
2953,撒爾塔人
2954,金泳三
2955,薪水
2956,中生代
2957,勒克瑙協定
2958,《國防報告書
2959,元太祖成吉思汗
2960,電動機
2961,宗教
2962,貝尼托·墨索里尼
2963,內需市場
2964,大馬哈魚
2965,翻版金日成
2966,啟德機場
2967,澳大利亞
2968,日本
2969,
2970,海森堡
2971,汽運
2972,敦煌學
2973,鍾祥市
2974,西人黨
2975,1971年
2976,社區貨幣
2977,兩天
2978,喀喇汗國
2979,颶風戰鬥機
2980,河北省撫寧縣盧王莊公社桃園大隊指導四清，並將總結的的桃園經驗作為抓點帶面開展社會主義教育運動的藍本。運動
2981,1932年
2982,1952年
2983,埃及
2984,2003年1月12日
2985,釣魚臺
2986,紐科門
2987,村民委員會
2988,
2989,三菱
2990,《韓國憲法》
2991,岳飛
2992,宿衛軍由怯薛和侍衛親軍構成，其中怯薛軍
2993,榮西禪師
2994,16世紀末葉
2995,西晉
2996,西人黨
2997,民國26年上半年
2998,中東
2999,一次世界大戰時期
3000,大朝鮮國
3001,鋼筋混凝土
3002,
3003,1171年
3004,乙未事變」。1897年，高宗在韓國內外支持獨立的政治壓力下，在朝鮮駐俄國公使館回到德壽宮登基稱帝，宣布大韓帝國的成立，並開展光武改革。1905年日俄戰爭中，日本在旅順口海戰戰勝沙俄，雙方簽署《樸茨茅斯和約》
3005,羽柴秀吉
3006,中產階級
3007,民國十六年分杭縣城區置杭州市，省會改為於此。民國二十六年
3008,眾議院選舉中，長崎縣被劃分為4個選舉區。這四個選舉區中，長崎縣第1區因重工業工人較多而曾是民主黨較具優勢的選區，其他三個選區均是自民黨優勢的選區。在2009年第45屆日本眾議院議員總選舉
3009,魏源
3010,保祿六世
3011,精神醫學
3012,兩個
3013,印度-雅利安語言
3014,思想多元化、商業經濟發達與交通便利
3015,博克施道夫戰役
3016,美國電影藝術與科學學院
3017,1622年
3018,第三產業
3019,自轉軸的兩極
3020,德宏州
3021,25個
3022,喬治·史蒂芬生
3023,約翰一世
3024,華北平原
3025,振州
3026,卡拉卡爾帕克族
3027,李時珍
3028,摩斯科格族
3029,古羅馬
3030,中緬大戰
3031,香港的主體為廣東人
3032,十年
3033,伊斯蘭教
3034,兵部右侍郎
3035,平成
3036,劉少奇
3037,《北京條約》
3038,1976年
3039,1958年
3040,森林面積
3041,國民議會
3042,第二產業
3043,
3044,內閣
3045,歐洲工業文明
3046,29萬人
3047,國際舞台發揮著積極的作用
3048,300公厘
3049,蘇門達臘
3050,洪邁
3051,楚州
3052,某塊田中
3053,瀛台
3054,2002年
3055,
3056,西里爾字母
3057,福建商船與荷蘭人
3058,中國共產黨紀律檢查機關
3059,第五大
3060,契約經濟
3061,靠左行駛
3062,王鐵漢
3063,為了保護蒙古人地位
3064,新中國
3065,人民內部矛盾
3066,四品
3067,金正恩
3068,戰艦
3069,戰勝國
3070,北宋元豐五年
3071,哈利里德
3072,1871年1月18日
3073,劉少奇
3074,1965年
3075,溫尼伯國際機場
3076,瑞士
3077,國家統治者透過集體利益性的方式，達到社會目標的實現
3078,2部
3079,交通部觀光局東北角暨宜蘭海岸國家風景區管理處
3080,黑龍江工業門類以重工業為主，是中國重要的機械、石油、煤炭、木材和食品工業基地；哈爾濱、齊齊哈爾、大慶是主要的工業中心，大慶油田、哈電集團等大型企業均居全國同行業前列。黑龍江
3081,日耳曼
3082,昆明長水國際機場
3083,八王之亂
3084,居民委員會
3085,民國29年
3086,工業化發展
3087,1969年10月17日
3088,通化市
3089,鄭成功
3090,烏茲別克斯坦
3091,玉米
3092,樺樹
3093,韓國總統金泳三對俄羅斯
3094,2006年
3095,瓦倫本哥國家公園導覽的發現之旅結合在一起的套裝旅遊。通常，在每年10月的最後一個星期日會舉辦開放日
3096,馬克思主義
3097,每次飛行都充滿了危險
3098,馬加人
3099,1938年
3100,西德
3101,儒家思想
3102,
3103,駱克道
3104,71.7公里
3105,
3106,收縮性
3107,廣電總局
3108,合不勒汗死後
3109,艾森豪
3110,查理檢查站
3111,通惠河
3112,雲貴高原
3113,喀喇汗國
3114,1914年
3115,三一九槍擊事件
3116,第五次北伐
3117,新店安坑
3118,綠窗口
3119,
3120,希臘文化
3121,幽州
3122,多達15位的政治反對領袖遭到執政政府的暗殺
3123,直皖戰爭
3124,1992年
3125,相聲
3126,平定南昌的寧王宸濠之亂
3127,周恩來
3128,貴霜帝國
3129,
3130,南海縣
3131,《華府風雲》
3132,韓國
3133,過度漢化、違背祖宗成法
3134,平行跑道
3135,李東陽
3136,1916年
3137,絲苗米是[UNK]稻的一種。為南亞、東南亞、中國南部地區主要食用米
3138,
3139,印度教
3140,
3141,尼古拉杜霍寧
3142,見習官
3143,
3144,信陽市
3145,13世紀
3146,1867年
3147,1990
3148,大學
3149,貝爾格勒
3150,豐田汽車
3151,政府財政撥款
3152,1918年
3153,1972年
3154,
3155,荷蘭
3156,第四次十字軍的在金角灣和加拉塔
3157,異裂
3158,慈運理
3159,拉丁字母
3160,甲醇
3161,1987年
3162,《三國演義》
3163,陳誠一直留守在武漢，想起早年在黃埔軍校時結識的周恩來，決定力邀周恩來參加政治部領導工作；經中共中央
3164,中國人民銀行
3165,民主黨
3166,[UNK][UNK][UNK]
3167,2015年
3168,土地改革
3169,星際大戰
3170,法蘭西公學院自然歷史教授。1802年，他成為巴黎植物園
3171,周恩來
3172,1739年
3173,德國中西部的黑森邦的第一大城市
3174,《開槍射擊令》
3175,主教路小學
3176,商業上的活力
3177,河池市
3178,東側
3179,田春蔚
3180,行
3181,亞屬名
3182,農礦部
3183,國際照明協會
3184,尼加拉瓜
3185,6世紀
3186,白盒測試
3187,塞爾維亞
3188,上海交通大學大學學術排名評比
3189,田漢
3190,中華民國政府在1949年撤遷臺灣前
3191,宋元豐五年
3192,新傾向派文學
3193,彭浩翔
3194,北京
3195,1942年末
3196,威悉河文藝復興風格
3197,巴爾幹社會主義國家，由馬其頓、塞爾維亞、波士尼亞與赫塞哥維納、克羅埃西亞、斯洛維尼亞、蒙特內哥羅等社會主義共和國
3198,15年
3199,燕國
3200,俗世什一稅
3201,受貨幣經濟影響
3202,后妃傳
3203,民國時期
3204,匈牙利
3205,摩斯科格族
3206,31個
3207,西方文明開始衝擊朝鮮半島
3208,新北市
3209,北竿島
3210,魏源
3211,奧圖·普萊明傑
3212,1235年
3213,地下水資源
3214,什麼方式發電的發電廠？[SEP]新店溪水系流域，分別為桂山機組、烏來機組
3215,農民黨
3216,
3217,伊斯蘭哈里發
3218,新北市
3219,物理光學
3220,波多黎各
3221,1946年
3222,400人
3223,鱷魚
3224,多瑙河
3225,接納蒙古人民共和國加入聯合國，中華民國未參加表決
3226,一」字形
3227,韓國獨立人士在首爾塔洞公園宣讀《獨立宣言書》，向世界宣布韓國的獨立
3228,江北地區
3229,拉丁語
3230,19世紀
3231,中山
3232,匈奴人
3233,鐵穆爾
3234,倭國
3235,1949年
3236,下葬
3237,會長
3238,基督教保守派組織78.5萬美金
3239,昆明巫家壩國際機場
3240,豐田汽車
3241,圓口綱
3242,負責全國邊海防工作
3243,北極熊
3244,1964年
3245,曼琪
3246,中世紀
3247,星系天文學
3248,陸帆•巴瑞斯
3249,客家話
3250,24位
3251,高加索山脈
3252,經濟部
3253,軍事科研活動
3254,中國共產黨紀律檢查機關
3255,南陳
3256,
3257,1627年
3258,論述人性本善
3259,法國獲勝
3260,泰國
3261,公元第二世紀
3262,第八航空軍
3263,沒有得到蒙古諸部的一致承認
3264,高句麗聯合[UNK][UNK]攻打玄菟郡華麗城
3265,1924年
3266,
3267,周去世後，毛澤東
3268,民國29年
3269,華萊士
3270,碳融合
3271,39億美元
3272,布爾什維克革命
3273,民國元年
3274,1909年
3275,1233年
3276,
3277,卡佩爾戰爭
3278,網路龐克
3279,教會法學
3280,維多利亞湖
3281,《天體運行論》
3282,蔡英文
3283,吳兆南相聲劇藝社
3284,朱標
3285,巴夏禮
3286,廣島市
3287,監理會
3288,毒品
3289,韓國
3290,
3291,1891米
3292,馬來西亞
3293,共同生活弟兄會的教士
3294,92%
3295,李坦
3296,秋明州
3297,所有制社會主義改造
3298,馬林諾夫斯基
3299,
3300,元太祖成吉思汗
3301,劉宋宗王
3302,消極
3303,
3304,籃子貨幣
3305,1918年
3306,1282年
3307,爭取速度上的優勢
3308,漢文
3309,高加索山脈
3310,用來指揮小隊或中隊
3311,明朝
3312,動物脂肪
3313,為了汽車以外的交通
3314,奈及利亞
3315,1955年
3316,8市83町村
3317,佛蘭德的鮑德溫伯爵被選為東方帝國的皇帝，管轄一個幅員不大的拉丁帝國
3318,路易·菲利普國王
3319,相聲瓦舍
3320,1912年
3321,1965年
3322,鐵
3323,中國通俗文化
3324,9世紀
3325,特別警察部隊
3326,內蒙古
3327,獅子外型
3328,宋高宗
3329,西莒島青帆村
3330,美元
3331,1.4太陽質量
3332,蘇菲派
3333,皇帝
3334,務生涯
3335,1998年
3336,西班牙
3337,朝鮮人民軍
3338,成吉思汗時代
3339,其政體並未完全掌控社會經濟
3340,地中海
3341,1908年
3342,四年
3343,牡丹峰樂團團長
3344,君士坦丁八世
3345,
3346,1949年
3347,岳飛
3348,劉牢之
3349,一名
3350,長崎縣的飲食文化受到很強的西餐和中餐影響，當地盛行的卓袱
3351,五分之四
3352,上海人
3353,民族主義復活
3354,德國
3355,
3356,集安
3357,1970年
3358,環
3359,卡特
3360,五年
3361,瓜拿納樹
3362,圖西族
3363,髒層
3364,加壓
3365,遺傳物質
3366,以便法國能控制德國的進出口貿易
3367,海什木
3368,2006年
3369,白[UNK]紀中期
3370,陸帆•巴瑞斯
3371,
3372,不列顛印度軍隊
3373,1932年
3374,北方的人口較南方多出許多
3375,1964年
3376,通俗科幻小說雜誌
3377,法語
3378,政治主張
3379,臺北市
3380,合肥市政府
3381,理查特里維西克
3382,幻境中
3383,彌爾
3384,《續資治通鑑長編》
3385,幽默
3386,普洱市
3387,唐開元二十六年
3388,美國
3389,上海南站
3390,非常小
3391,1961年
3392,計劃經濟體制
3393,英國
3394,聶耳
3395,模特兒
3396,1284年
3397,民國27年
3398,天城體
3399,84
3400,2005年3月20日
3401,43.4%
3402,路易十三
3403,雷根
3404,1935年3月希特勒宣布恢復徵兵制並擴充德國軍隊，包括建立凡爾賽條約中禁止德國擁有的海軍武器、裝甲部隊和空軍。1936年
3405,將矛盾在1857年激化到頂點
3406,伊利諾州
3407,公元前240年
3408,歐登堡
3409,性犯罪
3410,地質作用
3411,用什麼演奏的?[SEP]奏的。[SEP][PAD][PAD][PAD][PAD][PAD][PAD][PAD][PAD][PAD][PAD][PAD][PAD][PAD][PAD][PAD][PAD][PAD][PAD][PAD][PAD][PAD][PAD][PAD][PAD][PAD][PAD][PAD][PAD][PAD][PAD][PAD][PAD][PAD][PAD][PAD][PAD][PAD][PAD][PAD][PAD][PAD][PAD][PAD][PAD][PAD][PAD][PAD][PAD][PAD][PAD][PAD][PAD][PAD][PAD][PAD][PAD][PAD][PAD][PAD][PAD][PAD][PAD][PAD][PAD][PAD][PAD][PAD][PAD][PAD][PAD][PAD][PAD][PAD][PAD][PAD][PAD][PAD][PAD][PAD][PAD][PAD][PAD][PAD][PAD][PAD][PAD][PAD][PAD][PAD][PAD][PAD][PAD][PAD][PAD][PAD][PAD][PAD]
3412,第二代
3413,黃大仙區
3414,元世祖忽必烈
3415,1930年代
3416,巴西爾二世
3417,元十一年
3418,反應式裝甲
3419,德川家康
3420,哈大客運專線
3421,海倫市
3422,
3423,恰克圖條約
3424,熱帶雨林氣候是蘇里南的主要氣候類型，長年高溫多雨，森林面積占全國面積約七成左右。日平均氣溫達到27攝氏度，年平均降水量為1750公釐到3000公釐，全年濕度都很大。這裡每年有兩個雨季，一個是從4月中旬到8月中旬，一個是從12月到1月，剩下的時間就是乾季。境內主要河流多源於南部內陸高原地區
3425,槍擊克羅埃西亞農民黨五名代表
3426,海恩豪森王宮花園
3427,清廷以消極的制度治理臺灣
3428,協助自殺
3429,東漢
3430,美國[UNK]電視台
3431,1985年
3432,3268年
3433,1991年
3434,11世紀
3435,郭松齡
3436,
3437,氦
3438,五權憲法
3439,天皇
3440,2014年
3441,抽鄉
3442,農村經濟建設
3443,兩年
3444,長程巡弋飛彈
3445,
3446,「你吃飯了嗎？」
3447,15個
3448,宋公
3449,希洛分基地
3450,漢地大都
3451,康熙
3452,涵元門
3453,雨果
3454,鄧小平
3455,不少亦達不到香港女性非常高的擇偶條件
3456,維爾紐斯
3457,民國時期
3458,西部片
3459,產生後代
3460,2000年代
3461,《魔戒》
3462,1958年
3463,儒家思想
3464,1954年
3465,英澳望遠鏡
3466,廣西廣府人
3467,1897年
3468,總理
3469,1992年
3470,
3471,完成了內部自治的體制
3472,倭王權
3473,過海隧道段
3474,1991年
3475,約瑟夫
3476,法國爆發二月革命
3477,反手
3478,星系天文學
3479,新南威爾斯學校
3480,分發式政策
3481,義陽
3482,中華人民共和國
3483,朱棣
3484,
3485,軍隊士兵主要由穆斯林和印度教徒構成
3486,亞俄
3487,東漢
3488,1941年
3489,生命線類
3490,機場鐵路
3491,薩爾布呂肯地區向普軍進攻為開端。但到了8月4日，普軍已順利擊潰法軍，進入反攻階段。與此同時，法軍在其餘各戰場相繼失利，被逼退回國境，轉入防禦。8月中旬，法軍已被普軍一分為二，由巴贊元帥領軍的萊茵軍團共17萬人，被普軍包圍於麥茨要塞
3492,溫病學派
